﻿<?xml version="1.0"?>
<doc>
<assembly>
<name>
iClosOS
</name>
</assembly>
<members>
<member name="T:iclosos.My.Resources.Resources">
<summary>
  Yerelleştirilmiş dizeleri aramak gibi işlemler için, türü kesin olarak belirtilmiş kaynak sınıfı.
</summary>
</member>
<member name="P:iclosos.My.Resources.Resources.ResourceManager">
<summary>
  Bu sınıf tarafından kullanılan, önbelleğe alınmış ResourceManager örneğini döndürür.
</summary>
</member>
<member name="P:iclosos.My.Resources.Resources.Culture">
<summary>
  Tümü için geçerli iş parçacığının CurrentUICulture özelliğini geçersiz kular
  CurrentUICulture özelliğini tüm kaynak aramaları için geçersiz kılar.
</summary>
</member>
<member name="P:iclosos.My.Resources.Resources.appv">
<summary>
  2.0 benzeri yerelleştirilmiş bir dize arar.
</summary>
</member>
</members>
</doc>
